{
  "formatVersion": 1,
  "database": {
    "version": 1,
    "identityHash": "f19dfb9e6390d4b3775ebcdcd5808383",
    "entities": [
      {
        "tableName": "favorite_user",
        "createSql": "CREATE TABLE IF NOT EXISTS `${TABLE_NAME}` (`username` TEXT NOT NULL, `avatar_url` TEXT NOT NULL, `type` TEXT NOT NULL, `user_url` TEXT NOT NULL, PRIMARY KEY(`username`))",
        "fields": [
          {
            "fieldPath": "username",
            "columnName": "username",
            "affinity": "TEXT",
            "notNull": true
          },
          {
            "fieldPath": "avatarUrl",
            "columnName": "avatar_url",
            "affinity": "TEXT",
            "notNull": true
          },
          {
            "fieldPath": "type",
            "columnName": "type",
            "affinity": "TEXT",
            "notNull": true
          },
          {
            "fieldPath": "userUrl",
            "columnName": "user_url",
            "affinity": "TEXT",
            "notNull": true
          }
        ],
        "primaryKey": {
          "autoGenerate": false,
          "columnNames": [
            "username"
          ]
        },
        "indices": [],
        "foreignKeys": []
      }
    ],
    "views": [],
    "setupQueries": [
      "CREATE TABLE IF NOT EXISTS room_master_table (id INTEGER PRIMARY KEY,identity_hash TEXT)",
      "INSERT OR REPLACE INTO room_master_table (id,identity_hash) VALUES(42, 'f19dfb9e6390d4b3775ebcdcd5808383')"
    ]
  }
}